{"errors":[],"warnings":[],"namedChunkGroups":{"polyfill":{"chunks":[0,5],"assets":["webpack-runtime-963351299f361bbe8a24.js","webpack-runtime-963351299f361bbe8a24.js.map","polyfill-c7e713c367b62bf611ed.js","polyfill-c7e713c367b62bf611ed.js.map"],"children":{},"childAssets":{}},"app":{"chunks":[0,4,1],"assets":["webpack-runtime-963351299f361bbe8a24.js","webpack-runtime-963351299f361bbe8a24.js.map","framework-06f646d936b841f99ebd.js","framework-06f646d936b841f99ebd.js.map","app-c7a6b6d8e937d523a48a.js","app-c7a6b6d8e937d523a48a.js.map"],"children":{},"childAssets":{}},"component---cache-caches-gatsby-plugin-offline-app-shell-js":{"chunks":[2],"assets":["component---cache-caches-gatsby-plugin-offline-app-shell-js-19245c8506e49b502b12.js","component---cache-caches-gatsby-plugin-offline-app-shell-js-19245c8506e49b502b12.js.map"],"children":{},"childAssets":{}},"component---node-modules-lekoarts-gatsby-theme-cara-src-templates-cara-tsx":{"chunks":[3],"assets":["component---node-modules-lekoarts-gatsby-theme-cara-src-templates-cara-tsx-01c4ea61a0196dbc131e.js","component---node-modules-lekoarts-gatsby-theme-cara-src-templates-cara-tsx-01c4ea61a0196dbc131e.js.map"],"children":{},"childAssets":{}}},"assetsByChunkName":{"polyfill":["webpack-runtime-963351299f361bbe8a24.js","polyfill-c7e713c367b62bf611ed.js"],"app":["webpack-runtime-963351299f361bbe8a24.js","framework-06f646d936b841f99ebd.js","app-c7a6b6d8e937d523a48a.js"],"component---cache-caches-gatsby-plugin-offline-app-shell-js":["component---cache-caches-gatsby-plugin-offline-app-shell-js-19245c8506e49b502b12.js"],"component---node-modules-lekoarts-gatsby-theme-cara-src-templates-cara-tsx":["component---node-modules-lekoarts-gatsby-theme-cara-src-templates-cara-tsx-01c4ea61a0196dbc131e.js"]}}