<?xml version="1.0" encoding="utf-8" standalone="yes"?>
<rss version="2.0" xmlns:atom="http://www.w3.org/2005/Atom">
  <channel>
    <title>Server Ceting adalah Hidup on Server Matrix Synapse by AhmadiHam.ID</title>
    <link>https://bincang.loca.lt/_matrix/static/</link>
    <description>Recent content in Server Ceting adalah Hidup on Server Matrix Synapse by AhmadiHam.ID</description>
    <generator>Hugo -- gohugo.io</generator>
    <language>en-us</language>
    
	<atom:link href="https://bincang.loca.lt/_matrix/static/index.xml" rel="self" type="application/rss+xml" />
    
    
    <item>
      <title>info</title>
      <link>https://bincang.loca.lt/_matrix/static/satu/</link>
      <pubDate>Mon, 01 Jan 0001 00:00:00 +0000</pubDate>
      
      <guid>https://bincang.loca.lt/_matrix/static/satu/</guid>
      <description>Assalamualaykum.
Selamat datang.
Server chatting ini dikelola oleh AhmadiHam.ID.
Untuk menggunakannya kamu membutuhkan sebuah client.
Ingat untuk mengganti server ke &amp;ldquo;https://bincang.loca.lt&amp;rdquo; pada client yang kamu gunakan.
Selamat menikmati :)</description>
    </item>
    
    <item>
      <title>lainnya</title>
      <link>https://bincang.loca.lt/_matrix/static/dua/</link>
      <pubDate>Mon, 01 Jan 0001 00:00:00 +0000</pubDate>
      
      <guid>https://bincang.loca.lt/_matrix/static/dua/</guid>
      <description>Intip juga projek kita yang lain  📝 AhmadiHam.ID 🍋 Lemonie.ID 🌱 Halaman Belakang 📺 Kanal YouTube  </description>
    </item>
    
  </channel>
</rss>