<?xml version="1.0" encoding="utf-8" standalone="yes"?>
<rss version="2.0" xmlns:atom="http://www.w3.org/2005/Atom">
  <channel>
    <title>Your Name on My New Hugo Site</title>
    <link>http://example.org/</link>
    <description>Recent content in Your Name on My New Hugo Site</description>
    <generator>Hugo -- gohugo.io</generator>
    <language>en-us</language>
    
	<atom:link href="http://example.org/index.xml" rel="self" type="application/rss+xml" />
    
    
    <item>
      <title>elements</title>
      <link>http://example.org/elements/</link>
      <pubDate>Mon, 01 Jan 0001 00:00:00 +0000</pubDate>
      
      <guid>http://example.org/elements/</guid>
      <description>Table of contents  Table of contents Text Code  Python C/C++ Bash   Tables  Text Some example text
Code Python def foo(): print (&amp;#34;This is a python function&amp;#34;) C/C++ void foo(){ prinf(&amp;#34;%s\n&amp;#34;, &amp;#34;This is a C function&amp;#34;) } Bash # This is a bash command cd dir &amp;amp;&amp;amp; echo $PWD; # Return exit 0; Tables    Pages Elements     1 Text   2 Code   3 Tables    </description>
    </item>
    
  </channel>
</rss>