<?xml version="1.0" encoding="utf-8" standalone="yes"?>
<rss version="2.0" xmlns:atom="http://www.w3.org/2005/Atom">
  <channel>
    <title>Posts on My New Hugo Site</title>
    <link>https://bincang.loca.lt/_matrix/static/posts/</link>
    <description>Recent content in Posts on My New Hugo Site</description>
    <generator>Hugo -- gohugo.io</generator>
    <language>en-us</language>
    
	<atom:link href="https://bincang.loca.lt/_matrix/static/posts/index.xml" rel="self" type="application/rss+xml" />
    
    
  </channel>
</rss>